{
  "EmployeeList": [
    {
        "id": 11,
        "name": "Amol",
        "dateOfJoining": "2019-01-01"
    },
    {
        "id": 3,
        "name": "Mayur",
        "dateOfJoining": "2019-01-23"
    },
    {
        "id": 5,
        "name": "Mohit",
        "dateOfJoining": "2019-02-02"
    },
    {
        "id": 6,
        "name": "Mayuresh",
        "dateOfJoining": "2019-02-06"
    },
    {
        "id": 8,
        "name": "Prioyanka",
        "dateOfJoining": "2019-02-08"
    },
    {
        "id": 12,
        "name": "Sujay",
        "dateOfJoining": "2019-02-08"
    },
    {
        "id": 13,
        "name": "Chetan",
        "dateOfJoining": "2019-02-09"
    },
    {
        "id": 18,
        "name": "Laxmi",
        "dateOfJoining": "2019-02-16"
    },
    {
        "id": 16,
        "name": "Zubair",
        "dateOfJoining": "2019-02-23"
    },
    {
        "id": 20,
        "name": "Jay",
        "dateOfJoining": "2019-02-23"
    },
    {
        "id": 10,
        "name": "Ankush",
        "dateOfJoining": "2019-03-17"
    },
    {
        "id": 4,
        "name": "Brij",
        "dateOfJoining": "2019-03-23"
    },
    {
        "id": 7,
        "name": "Saurabh",
        "dateOfJoining": "2019-03-23"
    },
    {
        "id": 1,
        "name": "Akshata",
        "dateOfJoining": "2019-04-12"
    },
    {
        "id": 2,
        "name": "Aditya",
        "dateOfJoining": "2019-05-06"
    },
    {
        "id": 9,
        "name": "Ujjwala",
        "dateOfJoining": "2019-05-23"
    },
    {
        "id": 14,
        "name": "Tushar",
        "dateOfJoining": "2019-05-23"
    },
    {
        "id": 17,
        "name": "YAsh",
        "dateOfJoining": "2019-10-05"
    },
    {
        "id": 15,
        "name": "Pranali",
        "dateOfJoining": "2019-11-11"
    },
    {
        "id": 19,
        "name": "Gaurav",
        "dateOfJoining": "2019-11-17"
    }
]
}
